Workbook

Sheet 예산총괄
A1: IEG × 2026 산업AI EXPO (KINTEX) 참가 예산안
A2: 3×3m 부스 3개(ㄴ자형) · 2026.10.21(수)~23(금) · 단위: 원(KRW), VAT 별도 · 파란 글씨 셀만 수정하세요
A4: No | B4: 구분 | C4: 항목 | D4: 세부내용 | E4: 수량 | F4: 단가(₩) | G4: 금액(₩)
A5: 1 | B5: 부스/공간 | C5: 부스 임차료 | D5: 3×3m ×3부스, 27㎡ (기본 조립부스) | E5: 27 | F5: 315000 | G5: =E5*F5 -> 8505000
A6: 2 | B6: 부스/공간 | C6: 부스 위치 프리미엄 | D6: 코너/ㄴ자 개방면 가산료 | E6: 1 | F6: 500000 | G6: =E6*F6 -> 500000
A7: 3 | B7: 인테리어 | C7: 그래픽 시공 | D7: 백월 그래픽, 상단 사인물 | E7: 1 | F7: 4500000 | G7: =E7*F7 -> 4500000
A8: 4 | B8: 인테리어 | C8: 바닥재/조명 | D8: 존별 컬러 카펫, 스팟조명 9EA | E8: 1 | F8: 3000000 | G8: =E8*F8 -> 3000000
A9: 5 | B9: 인테리어 | C9: 디자인 감리 | D9: 인테리어 디자인/현장 감리 | E9: 1 | F9: 1500000 | G9: =E9*F9 -> 1500000
A10: 6 | B10: 가구/집기 | C10: 집기 임차 | D10: 테이블, 의자, 리셉션데스크, 카탈로그대, 보관장 | E10: 1 | F10: 1500000 | G10: =E10*F10 -> 1500000
A11: 7 | B11: 전력/네트워크 | C11: 전기/공압/인터넷 | D11: 존별 전력 신청, Wi-Fi | E11: 3 | F11: 200000 | G11: =E11*F11 -> 600000
A12: 8 | B12: 조명/AV | C12: 모니터 임차 | D12: 55인치 스탠드형 모니터 | E12: 3 | F12: 600000 | G12: =E12*F12 -> 1800000
A13: 9 | B13: 조명/AV | C13: 태블릿 | D13: AI 퀴즈용 태블릿 | E13: 5 | F13: 150000 | G13: =E13*F13 -> 750000
A14: 10 | B14: 조명/AV | C14: 스피커/케이블 | D14: 사운드 시스템, HDMI 등 연결선 | E14: 1 | F14: 400000 | G14: =E14*F14 -> 400000
A15: 11 | B15: 홍보물 | C15: 백월/X배너 제작 | D15: 백월 그래픽, X배너 3EA | E15: 1 | F15: 1800000 | G15: =E15*F15 -> 1800000
A16: 12 | B16: 홍보물 | C16: 카탈로그/리플렛 | D16: A4 3단접지 300매 등 | E16: 1 | F16: 700000 | G16: =E16*F16 -> 700000
... A25: 21 | B25: 운영경비 | C25: TF 식비/일비 | D25: TF팀 3~4인 × 3일 | E25: 1 | F25: 900000 | G25: =E25*F25 -> 900000
A26: 소계 | G26: =SUM(G5:G25) -> 35255000
A27: 예비비 (소계의 10%) | G27: =G26*0.1 -> 3525500
A28: 총 합계 (VAT 별도) | G28: =G26+G27 -> 38780500
A30: 정부지원 활용 시 (예: 수출바우처, 참가지원사업)
A31: 구분 | B31: 비율 | C31: 금액(₩)
A32: 정부지원 (바우처) | B32: 0.6 | C32: =G28*B32 -> 23268300
A33: 자부담 | B33: =1-B32 -> 0.4 | C33: =G28*B33 -> 15512200
A35: ※ 단가는 KINTEX 조립부스 기준 추정치입니다. 실제 부스 위치·업체 견적 확정 후 파란 글씨(수량/단가/지원비율) 셀만 교체하면 전체 금액이 자동 재계산됩니다.

Sheet 카테고리별 요약
A1: 카테고리별 예산 요약
A2: 예산총괄 시트의 데이터를 자동 집계합니다 (수정 불필요)
A4: 구분 | B4: 금액(₩) | C4: 비중
A5: 부스/공간 | B5: =SUMIF(예산총괄!B5:B25,A5,예산총괄!G5:G25) -> 9005000 | C5: =B5/$B$17 -> 0.25542476
A6: 인테리어 | B6: =SUMIF(예산총괄!B5:B25,A6,예산총괄!G5:G25) -> 9000000 | C6: =B6/$B$17 -> 0.25528294
A7: 가구/집기 | B7: =SUMIF(예산총괄!B5:B25,A7,예산총괄!G5:G25) -> 1500000 | C7: =B7/$B$17 -> 0.042547156
A8: 전력/네트워크 | B8: =SUMIF(예산총괄!B5:B25,A8,예산총괄!G5:G25) -> 600000 | C8: =B8/$B$17 -> 0.017018863
A9: 조명/AV | B9: =SUMIF(예산총괄!B5:B25,A9,예산총괄!G5:G25) -> 2950000 | C9: =B9/$B$17 -> 0.083676074
A10: 홍보물 | B10: =SUMIF(예산총괄!B5:B25,A10,예산총괄!G5:G25) -> 2800000 | C10: =B10/$B$17 -> 0.079421359
A11: 이벤트 | B11: =SUMIF(예산총괄!B5:B25,A11,예산총괄!G5:G25) -> 3500000 | C11: =B11/$B$17 -> 0.099276698
A12: 판촉물 | B12: =SUMIF(예산총괄!B5:B25,A12,예산총괄!G5:G25) -> 2000000 | C12: =B12/$B$17 -> 0.056729542
A13: 리드관리 | B13: =SUMIF(예산총괄!B5:B25,A13,예산총괄!G5:G25) -> 600000 | C13: =B13/$B$17 -> 0.017018863
A14: 인력 | B14: =SUMIF(예산총괄!B5:B25,A14,예산총괄!G5:G25) -> 1200000 | C14: =B14/$B$17 -> 0.034037725
A15: 물류 | B15: =SUMIF(예산총괄!B5:B25,A15,예산총괄!G5:G25) -> 1200000 | C15: =B15/$B$17 -> 0.034037725
A16: 운영경비 | B16: =SUMIF(예산총괄!B5:B25,A16,예산총괄!G5:G25) -> 900000 | C16: =B16/$B$17 -> 0.025528294
A17: 합계 | B17: =SUM(B5:B16) -> 35255000 | C17: =SUM(C5:C16) -> 1
